Franz,Kafka,kafka@gmail.com,Man,41
Leo,Tolstoy,tolstoy@gmail.com,Man,82
Charlotte,Gilman,gilman@gmail.com,Kvinna,75
Mikhail,Bulgakov,bulgakov@gmail.com,Man,48
Fyodor,Dostoyevsky,dostoyevsky@gmail.com,Man,59
George,Orwell,orwell@gmail.com,Man,46
Mary,Shelley,shelley@gmail.com,Kvinna,53
Damien,Gallagher,mrdamiengallagher@gmail.com,Man,27
Victor,Hugo,hugo@outlook.com,Man,83
Albert,Camus,camus@outlook.com,Man,46